throughput_tok_s,ttft_p50_s,ttft_p95_s,ttft_p99_s,tpot_mean_ms,hit_rate,req_per_s,pd,conc,policy,sla_pass
4054.0865321140154,1.5701308121829243,12.457278274111104,15.290128121827138,7.268399999999997,0.6163460039802625,2.7875159438960893,3:15,48,rr,False
3689.8632678380695,4.260783350252495,14.352742335024232,18.625228629441608,7.273000000000003,0.6127634938590267,2.537082671625096,3:15,48,ll,False
4835.961588145652,0.25664974619292025,3.811241472081065,5.850964467005042,7.2610000000000054,0.806833126317997,3.3251189692775767,3:15,48,kv-nvda,True
4835.961588145652,0.25664974619292025,3.811241472081065,5.850964467005042,7.2610000000000054,0.806833126317997,3.3251189692775767,3:15,48,kv-t-c0.5,True
4879.930507924309,0.20699081218299398,3.1025380710659647,5.640517309644679,7.2652000000000045,0.8211677308008013,3.355351196426162,3:15,48,kv-t-c0.6,True
4821.285496660979,0.19817258883244904,2.7614213197969093,5.970544822334659,7.265000000000006,0.8271922079777313,3.3150279564973757,3:15,48,kv-t-c0.7,True
4889.334667003812,0.1949238578680479,2.7614213197969093,5.168730964467045,7.267000000000008,0.8325450928693695,3.3618173246563807,3:15,48,kv-t-c0.8,True
4890.341408692211,0.1949238578680479,2.5826427411167288,5.389734111675352,7.264600000000004,0.8331765219734818,3.362509541876109,3:15,48,kv-t-c0.9,True
4897.430419680253,0.19167512690353306,2.4076657360408262,5.083635482233376,7.265800000000007,0.8366864645287228,3.367383816512106,3:15,48,kv-t-c1.0,True
4879.930507924309,0.20699081218299398,3.1025380710659647,5.640517309644679,7.2652000000000045,0.8211677308008013,3.355351196426162,3:15,48,kv-s1.5-c0.8,True
4863.844121108692,0.1786802030457011,2.1506598984771017,4.817219086294244,7.270599999999997,0.8385579318517531,3.3442904903033384,3:15,48,kv-s3.0-c0.8,True
4486.6457675912,8.33846543147115,25.787907360406052,30.24938167512755,8.544400000000318,0.6163460039802625,3.08493578336444,3:15,96,rr,False
3647.780066888591,16.568529695431835,33.565163857868356,37.611445837563,8.542200000000308,0.6160600695142514,2.5081470303437334,3:15,96,ll,False
5926.585768321453,1.6686929949238447,7.450794670050186,9.048245482232915,8.554200000000314,0.801188145563235,4.075012260147557,3:15,96,kv-nvda,False
5926.585768321453,1.6686929949238447,7.450794670050186,9.048245482232915,8.554200000000314,0.801188145563235,4.075012260147557,3:15,96,kv-t-c0.5,False
5972.594868281829,0.7437296446702248,7.833640355329635,12.294383451775047,8.536200000000317,0.8153064165474132,4.106647277971654,3:15,96,kv-t-c0.6,False
5954.888170361197,0.7038841624365659,6.867659695431598,9.58482243654828,8.551000000000307,0.8255685657385701,4.094472475491112,3:15,96,kv-t-c0.7,False
6148.589031838926,0.6037819289340405,6.114347868021582,10.297238984770615,8.538800000000307,0.8285860529245755,4.227657654307219,3:15,96,kv-t-c0.8,False
6141.933860003071,0.6005995431451083,5.459700761420663,8.17297812182619,8.537800000000308,0.8317461650437471,4.223081679558071,3:15,96,kv-t-c0.9,False
6193.42637252584,0.496321928933412,4.738116192893813,7.879860355329356,8.532200000000318,0.8356969897923906,4.258486991830387,3:15,96,kv-t-c1.0,True
5972.594868281829,0.7437296446702248,7.833640355329635,12.294383451775047,8.536200000000317,0.8153064165474132,4.106647277971654,3:15,96,kv-s1.5-c0.8,False
6213.822447695965,0.48016340101492005,4.64779837563492,7.488324873096417,8.544200000000295,0.8382416467999643,4.272510961047438,3:15,96,kv-s3.0-c0.8,True
4307.111872023167,18.174063553301494,37.546860558376466,45.267384822336,9.814399999999889,0.6163460039802625,2.9614915518707674,3:15,144,rr,False
3488.1083070131613,33.374099441628914,58.027593045683716,62.98602522842589,9.822199999999896,0.6115266504386117,2.398359641022614,3:15,144,ll,False
5797.167245689885,3.561931522842656,18.92688593908531,21.315434619290386,9.822799999999884,0.8060100093037097,3.9860264448687563,3:15,144,kv-nvda,False
5797.167245689885,3.561931522842656,18.92688593908531,21.315434619290386,9.822799999999884,0.8060100093037097,3.9860264448687563,3:15,144,kv-t-c0.5,False
6111.225496987939,3.0140474619297493,13.867038121827818,16.090664873095648,9.8189999999999,0.8136946407026914,4.201967169337937,3:15,144,kv-t-c0.6,False
6020.616444442352,2.834819289340203,12.571353401015472,14.499480101522295,9.815799999999888,0.8198834218026285,4.139666037718915,3:15,144,kv-t-c0.7,False
6122.505625292033,1.9997058375628285,13.499324365482948,15.521833604061044,9.802399999999862,0.8266516024310591,4.20972317978512,3:15,144,kv-t-c0.8,False
6167.468969350903,1.9131567512683887,10.325593451776513,13.363614467005391,9.81019999999988,0.829569594463688,4.240639154928261,3:15,144,kv-t-c0.9,False
6249.635383572379,1.8473561421327531,9.73593832487279,12.419644517766528,9.806599999999872,0.8335023914207794,4.297135282448189,3:15,144,kv-t-c1.0,False
6111.225496987939,3.0140474619297493,13.867038121827818,16.090664873095648,9.8189999999999,0.8136946407026914,4.201967169337937,3:15,144,kv-s1.5-c0.8,False
6273.079161787536,1.4119972081219885,9.12334269035398,12.419781573603586,9.817999999999888,0.8379949627155605,4.313254796682099,3:15,144,kv-s3.0-c0.8,False
4103.911732242787,28.034551928934434,50.250396192894186,59.508638984772006,11.096199999999731,0.6163460039802625,2.8217748425817923,3:15,192,rr,False
3391.941512234535,45.736694467005464,75.80825228426488,87.29224802030626,11.09499999999974,0.6162761748129845,2.332237107229774,3:15,192,ll,False
5500.705859587797,8.65857862944165,23.316622944163896,25.67558949238503,11.096399999999738,0.8043580702778083,3.7821850039022307,3:15,192,kv-nvda,False
5500.705859587797,8.65857862944165,23.316622944163896,25.67558949238503,11.096399999999738,0.8043580702778083,3.7821850039022307,3:15,192,kv-t-c0.5,False
5704.13105874745,6.156529847717707,22.049083299490576,24.114267461928875,11.093399999999738,0.8167244506829224,3.922056459914809,3:15,192,kv-t-c0.6,False
5760.721741928747,5.279938426394324,18.4158285786782,20.946302030457105,11.091199999999755,0.8258382980121736,3.9609671813299183,3:15,192,kv-t-c0.7,False
5802.090814496172,5.20149502538095,18.68966558375621,21.959957715735868,11.093599999999725,0.8279185682373589,3.989411800963077,3:15,192,kv-t-c0.8,False
5857.596988584006,4.4092745177656525,17.787175939086296,21.108847005076314,11.08999999999975,0.8324716125038024,4.027576833709388,3:15,192,kv-t-c0.9,False
6074.430428982887,4.23679329949141,16.002701015228126,18.496683705582427,11.087399999999759,0.8333319261006594,4.176667551801817,3:15,192,kv-t-c1.0,False
5704.13105874745,6.156529847717707,22.049083299490576,24.114267461928875,11.093399999999738,0.8167244506829224,3.922056459914809,3:15,192,kv-s1.5-c0.8,False
5995.9233821344305,3.9596034517772978,13.89127969543108,16.780994010151858,11.085999999999766,0.8379283283467853,4.122687538532549,3:15,192,kv-s3.0-c0.8,False
3751.1391793103185,47.972396802033245,72.82658725888496,80.834286852795,13.65339999999987,0.6163460039802625,2.5792148705440443,3:15,288,rr,False
3123.5023128876173,76.90100263959675,121.76550467005086,128.3843849238558,13.654599999999876,0.6196653996247937,2.147663210688883,3:15,288,ll,False
4901.998378562753,17.626880456852405,36.88648076142215,40.13525319796929,13.654199999999882,0.8029881863197359,3.3705246617099487,3:15,288,kv-nvda,False
4901.998378562753,17.626880456852405,36.88648076142215,40.13525319796929,13.654199999999882,0.8029881863197359,3.3705246617099487,3:15,288,kv-t-c0.5,False
4929.059647439197,16.283470659896466,35.404016700507896,37.97192857867981,13.648599999999869,0.8140326047443214,3.389131496531457,3:15,288,kv-t-c0.6,False
5072.927591976648,13.766941167512527,33.55054730964514,37.22496710659891,13.65639999999987,0.8236475790387444,3.488052470723042,3:15,288,kv-t-c0.7,False
5143.40503172948,13.009317360406044,29.685619035533477,32.79521426395786,13.655399999999878,0.8268969173161046,3.53651147263131,3:15,288,kv-t-c0.8,False
5246.974356387505,10.978887005076103,27.757761116751794,31.005017664973934,13.654599999999865,0.8301432889948548,3.6077238509305594,3:15,288,kv-t-c0.9,False
5306.458513110337,10.25630380710652,26.91598847715727,29.526546192892738,13.659799999999889,0.8342175698856468,3.648624071969414,3:15,288,kv-t-c1.0,False
4929.059647439197,16.283470659896466,35.404016700507896,37.97192857867981,13.648599999999869,0.8140326047443214,3.389131496531457,3:15,288,kv-s1.5-c0.8,False
5383.044554662167,9.929103451776655,21.895451827410852,24.34581015228366,13.648799999999863,0.8383388599544103,3.701283237040144,3:15,288,kv-s3.0-c0.8,False
3408.894718309622,69.27839741116418,92.35198071065975,98.71093532995155,16.208599999999983,0.6163460039802625,2.3438938224626926,3:15,384,rr,False
2907.998244945305,97.86495908629854,171.48147695431885,176.02983060913812,16.21359999999996,0.6159094575848282,1.9994865448468704,3:15,384,ll,False
4322.544694727512,27.938453807106384,63.37966472081291,65.40292487309546,16.213799999999967,0.795564159198635,2.9721028792331485,3:15,384,kv-nvda,False
4322.544694727512,27.938453807106384,63.37966472081291,65.40292487309546,16.213799999999967,0.795564159198635,2.9721028792331485,3:15,384,kv-t-c0.5,False
4423.166934302864,22.583047563450805,48.09744436548067,50.00352751268997,16.214999999999975,0.8138459372317938,3.0412888955909607,3:15,384,kv-t-c0.6,False
4607.910232663936,20.73308253806954,42.35587096446682,44.96315299492426,16.212799999999973,0.821653796573031,3.168315017413995,3:15,384,kv-t-c0.7,False
4618.4351857077345,20.28245421319798,36.15499654822361,39.01532431472094,16.212199999999974,0.8253392248460393,3.17555178312828,3:15,384,kv-t-c0.8,False
4628.677274707604,19.361271624364235,34.64856203045588,36.562834670050506,16.21779999999997,0.8315985197129336,3.18259405668603,3:15,384,kv-t-c0.9,False
4613.5560794072,18.54891335025559,32.77144436548281,36.30533553299449,16.208999999999982,0.833180629571557,3.1721969986418195,3:15,384,kv-t-c1.0,False
4423.166934302864,22.583047563450805,48.09744436548067,50.00352751268997,16.214999999999975,0.8138459372317938,3.0412888955909607,3:15,384,kv-s1.5-c0.8,False
4722.411295132098,17.68740553299392,33.101444467005535,35.372737309644094,16.21959999999996,0.8356125558319564,3.2470438592122015,3:15,384,kv-s3.0-c0.8,False
3086.7755281890163,99.07919583756143,125.24742609136797,154.06208680202894,19.62519999999986,0.6163460039802625,2.122410543508638,3:15,512,rr,False
2628.9636265563677,136.745861776649,213.03897918781968,218.92831822335177,19.62619999999986,0.6152490470942965,1.8076274314567744,3:15,512,ll,False
3751.9031712328606,43.10860502538105,75.57752065989848,78.82517558375605,19.62479999999986,0.7988381430644461,2.5797401774530666,3:15,512,kv-nvda,False
3751.9031712328606,43.10860502538105,75.57752065989848,78.82517558375605,19.62479999999986,0.7988381430644461,2.5797401774530666,3:15,512,kv-t-c0.5,False
3870.772292980213,35.613514162436786,69.27842248730894,71.9503822842629,19.62419999999986,0.8118843309510025,2.6614724171284956,3:15,512,kv-t-c0.6,False
3940.328985761366,33.11100279187747,55.52221614213158,57.146600050760185,19.62539999999986,0.8225271175637927,2.7092983302155162,3:15,512,kv-t-c0.7,False
4016.1356148629056,28.430116243654425,54.09188456852746,55.86602741116576,19.621599999999848,0.8280493267760854,2.761421585503649,3:15,512,kv-t-c0.8,False
4019.260059865419,28.767479289340258,48.6682655837576,50.56738025380605,19.62259999999986,0.8301407787960311,2.7635698968905276,3:15,512,kv-t-c0.9,False
4090.368736443522,25.86450299492492,46.47524086294288,48.49153741116561,19.62339999999985,0.8351728146380191,2.812462925724683,3:15,512,kv-t-c1.0,False
3870.772292980213,35.613514162436786,69.27842248730894,71.9503822842629,19.62419999999986,0.8118843309510025,2.6614724171284956,3:15,512,kv-s1.5-c0.8,False
4077.16885299111,27.132711675125847,44.8574213705582,47.37212527918712,19.623599999999865,0.8369301820145167,2.8033869266581357,3:15,512,kv-s3.0-c0.8,False
2569.475655669558,157.715741827413,357.67679563451725,439.3313496446699,26.451600000000436,0.6163460039802625,1.766724587868347,3:15,768,rr,False
2299.3671317322023,237.08469609137137,374.18822000000046,393.51672492385876,26.451600000000436,0.6140293186658613,1.5810028941912766,3:15,768,ll,False
2963.971538823626,83.52947578680278,147.4297350253795,151.11570319796863,26.450800000000463,0.7911021666895247,2.037972760639813,3:15,768,kv-nvda,False
2963.971538823626,83.52947578680278,147.4297350253795,151.11570319796863,26.450800000000463,0.7911021666895247,2.037972760639813,3:15,768,kv-t-c0.5,False
3048.325383108005,65.49562939086206,118.95168076142,121.69770091370481,26.454000000000402,0.8110698855326517,2.095972925167387,3:15,768,kv-t-c0.6,False
3109.7543322733604,65.54113675126871,101.94627406091229,105.87885233502448,26.451600000000443,0.8182454029702042,2.1382103500123666,3:15,768,kv-t-c0.7,False
3128.7271570025414,64.24672035532922,92.58021817258816,97.48175807106429,26.450400000000442,0.8244241432748465,2.1512557181894882,3:15,768,kv-t-c0.8,False
3137.5360060093526,53.0703635025377,83.01332583756198,86.7954843147196,26.453400000000418,0.8309864875997319,2.1573125220735077,3:15,768,kv-t-c0.9,False
3182.5311689511304,53.73384126903534,78.81660517766375,82.4347286294398,26.45260000000042,0.8319905671292203,2.18825037530009,3:15,768,kv-t-c1.0,False
3048.325383108005,65.49562939086206,118.95168076142,121.69770091370481,26.454000000000402,0.8110698855326517,2.095972925167387,3:15,768,kv-s1.5-c0.8,False
3188.2574789372,48.68228436548213,75.84622329949275,79.58056401015017,26.452400000000424,0.8379942781158812,2.1921876815858385,3:15,768,kv-s3.0-c0.8,False
3196.1773520911347,2.457830659898036,31.65174558375702,41.74895832487232,7.5699999999998075,0.43042105390469415,2.197633241890324,6:12,48,rr,False
3652.6333419420735,4.6042070050752955,11.316008832487341,14.184713248730759,7.5699999999998075,0.4151601860559368,2.51148405373594,6:12,48,ll,False
4724.614478138114,0.1434339086296177,1.907005076142127,4.129137055837589,7.5699999999998075,0.8070955561950224,3.248558727656164,6:12,48,kv-nvda,True
4724.614478138114,0.1434339086296177,1.907005076142127,4.129137055837589,7.5699999999998075,0.8070955561950224,3.248558727656164,6:12,48,kv-t-c0.5,True
4726.892980643039,0.14294416243649266,1.988223350253861,4.016319390862691,7.5699999999998075,0.8142747248308639,3.2501253844135793,6:12,48,kv-t-c0.6,True
4737.851768902296,0.13644670050757668,1.6627506091358555,3.9017258883248473,7.5699999999998075,0.8270635032380423,3.257660447307891,6:12,48,kv-t-c0.7,True
4747.376606687292,0.13319796954317553,1.3124873096446663,3.723045685279203,7.5699999999998075,0.8336552853491332,3.2642095520145578,6:12,48,kv-t-c0.8,True
4746.2132309414455,0.13319796954317553,1.448934010152243,3.3702931472082582,7.5699999999998075,0.8352716251917164,3.2634096360742837,6:12,48,kv-t-c0.9,True
4749.162863966197,0.13319796954317553,1.4492762944162223,3.4108803045681952,7.5699999999998075,0.8370086827777312,3.2654377499342133,6:12,48,kv-t-c1.0,True
4726.892980643039,0.14294416243649266,1.988223350253861,4.016319390862691,7.5699999999998075,0.8142747248308639,3.2501253844135793,6:12,48,kv-s1.5-c0.8,True
4743.5344140945335,0.13644670050757668,1.332837005075703,3.741301116750833,7.5699999999998075,0.8412999817668285,3.261567730477944,6:12,48,kv-s3.0-c0.8,True
3594.5716384233046,8.482436548223404,61.65265142131989,75.52360954314736,9.169999999999872,0.43042105390469415,2.4715618855714783,6:12,96,rr,False
3617.5245994365196,17.182220203045745,27.308246446701105,30.75398573603991,9.169999999999872,0.42327109485516495,2.487343922850934,6:12,96,ll,False
5812.945217533761,0.19150126903582532,3.3490587817257733,6.12066208121837,9.169999999999872,0.7888854329282862,3.9968750904831882,6:12,96,kv-nvda,True
5812.945217533761,0.19150126903582532,3.3490587817257733,6.12066208121837,9.169999999999872,0.7888854329282862,3.9968750904831882,6:12,96,kv-t-c0.5,True
5850.987547615735,0.18517766497461707,2.8239434010151854,4.889026802030003,9.169999999999872,0.8074189154434962,4.023032302670558,6:12,96,kv-t-c0.6,True
5797.198459969228,0.1786802030457011,3.3668153807107046,5.446967969543152,9.169999999999872,0.8158159869086286,3.986047907237814,6:12,96,kv-t-c0.7,True
5889.436839668596,0.16568527918786913,1.9882233502538043,3.6028426395938595,9.169999999999872,0.8245761244036282,4.049469334485213,6:12,96,kv-t-c0.8,True
5860.011610790702,0.1624365482233543,2.296146649746447,4.457258883248755,9.169999999999872,0.8296430748292551,4.029237083890615,6:12,96,kv-t-c0.9,True
5874.7746370272525,0.15918781725883946,2.1413320304568515,4.345599746192818,9.169999999999872,0.8336826693363012,4.039387871420322,6:12,96,kv-t-c1.0,True
5850.987547615735,0.18517766497461707,2.8239434010151854,4.889026802030003,9.169999999999872,0.8074189154434962,4.023032302670558,6:12,96,kv-s1.5-c0.8,True
5870.828347045704,0.1624365482233543,1.9064984771576405,4.1161421319797,9.169999999999872,0.8388422689185128,4.036674474418145,6:12,96,kv-s3.0-c0.8,True
3501.4837696857317,18.764217106599858,91.83281025380666,105.08394989847602,10.77000000000035,0.43042105390469415,2.407556365157985,6:12,144,rr,False
3387.8664359909817,31.462022893401354,43.893529898477595,47.32352994923849,10.77000000000035,0.4131504295977087,2.3294351591431917,6:12,144,ll,False
5920.254319624271,0.42233502538073253,5.176772893400937,6.912359289340145,10.77000000000035,0.7846066849333074,4.070658871523128,6:12,144,kv-nvda,False
5920.254319624271,0.42233502538073253,5.176772893400937,6.912359289340145,10.77000000000035,0.7846066849333074,4.070658871523128,6:12,144,kv-t-c0.5,False
5938.885870728683,0.31366365482273295,4.819669492385515,6.598720913704938,10.77000000000035,0.7989266846229556,4.083469586181451,6:12,144,kv-t-c0.6,True
6010.252300619543,0.23065989847714263,3.534237868020284,5.289741776649748,10.77000000000035,0.8195443167615332,4.132539841491463,6:12,144,kv-t-c0.7,True
5972.20381166958,0.22416243654822665,3.723045685279203,5.697083248730621,10.77000000000035,0.8214862978515208,4.106378394578817,6:12,144,kv-t-c0.8,True
5985.79148994202,0.24365482233503144,3.4685695431472254,5.25572035532997,10.77000000000035,0.8245558146131453,4.115721034289372,6:12,144,kv-t-c0.9,True
5986.6874253475125,0.22091370558376866,3.0292703553299134,5.108286192893161,10.77000000000035,0.8292875393958591,4.116337063130327,6:12,144,kv-t-c1.0,True
5938.885870728683,0.31366365482273295,4.819669492385515,6.598720913704938,10.77000000000035,0.7989266846229556,4.083469586181451,6:12,144,kv-s1.5-c0.8,True
5997.96788359056,0.21116751269033784,2.8878162944164387,5.170882436548197,10.77000000000035,0.8345603261250312,4.124093300437515,6:12,144,kv-s3.0-c0.8,True
3362.9881182989275,30.5857568020308,121.69336563451725,134.33277832487306,12.369999999999889,0.43042105390469415,2.312329281734169,6:12,192,rr,False
3196.3849570860593,46.991946649746296,62.403696852792564,69.76771796954336,12.369999999999889,0.408303920268783,2.1977759872976557,6:12,192,ll,False
5613.451907558025,1.9332910659905451,10.675208324873154,13.406825989847846,12.369999999999889,0.7714701298890971,3.8597071297470387,6:12,192,kv-nvda,False
5613.451907558025,1.9332910659905451,10.675208324873154,13.406825989847846,12.369999999999889,0.7714701298890971,3.8597071297470387,6:12,192,kv-t-c0.5,False
5791.2382751547675,0.47756345177663206,5.764471116751395,7.621910101522474,12.369999999999889,0.8012990507112648,3.981949792886463,6:12,192,kv-t-c0.6,False
5775.562978380865,0.3929685786800974,5.367104974619224,7.173752436548284,12.369999999999889,0.8106990607064202,3.9711717447771226,6:12,192,kv-t-c0.7,False
5803.050623796411,0.3575786802028915,4.522474263959452,6.5354270558376015,12.369999999999889,0.8214132738857398,3.990071748328857,6:12,192,kv-t-c0.8,True
5837.216694851783,0.3086294416243618,4.19669492385799,5.627169999999865,12.369999999999889,0.8260979894904821,4.01356371552115,6:12,192,kv-t-c0.9,True
5793.922395390441,0.305506649746178,3.723045685279203,5.841358578680229,12.369999999999889,0.8269391342963217,3.983795344996169,6:12,192,kv-t-c1.0,True
5791.2382751547675,0.47756345177663206,5.764471116751395,7.621910101522474,12.369999999999889,0.8012990507112648,3.981949792886463,6:12,192,kv-s1.5-c0.8,False
5822.995209827794,0.26193233502510793,3.335770659898401,5.763347817258989,12.369999999999889,0.8361899015614122,4.003785281850279,6:12,192,kv-s3.0-c0.8,True
3064.990962808742,51.051706548223024,170.17591218273878,187.29164771573733,15.569999999999759,0.43042105390469415,2.1074318737522484,6:12,288,rr,False
2970.0561778413535,72.58019197969475,96.93713055837532,101.9893897461925,15.569999999999759,0.41519259044075213,2.042156447431008,6:12,288,ll,False
4946.945446240135,4.072606142131519,18.791538578680616,20.61780238578683,15.569999999999759,0.7762874296317105,3.4014294455100984,6:12,288,kv-nvda,False
4946.945446240135,4.072606142131519,18.791538578680616,20.61780238578683,15.569999999999759,0.7762874296317105,3.4014294455100984,6:12,288,kv-t-c0.5,False
5145.310657744704,2.0936407614217956,13.360140304568574,15.074740050761761,15.569999999999759,0.7913723553629143,3.5378217463165074,6:12,288,kv-t-c0.6,False
5176.7176480337175,1.3762052791879569,10.085134467005616,12.41021380710589,15.569999999999759,0.8073232996883017,3.5594166199056416,6:12,288,kv-t-c0.7,False
5199.927168484727,0.8995121319791224,7.666832131979675,9.67224086294442,15.569999999999759,0.8185018996500099,3.575375062774308,6:12,288,kv-t-c0.8,False
5221.765510470359,0.7501596954313072,5.664859390862659,7.783626243654965,15.569999999999759,0.8252456628898823,3.590390708343536,6:12,288,kv-t-c0.9,False
5184.007472053467,0.7439593908629263,5.938426446700703,8.030196954314363,15.569999999999759,0.8298911281130174,3.564428969918963,6:12,288,kv-t-c1.0,False
5145.310657744704,2.0936407614217956,13.360140304568574,15.074740050761761,15.569999999999759,0.7913723553629143,3.5378217463165074,6:12,288,kv-s1.5-c0.8,False
5228.330489525598,0.5162415736039634,5.438708324872778,7.909785431472017,15.569999999999759,0.8320893776829176,3.59490466818205,6:12,288,kv-s3.0-c0.8,False
2840.6967331250908,65.5905978172608,209.08673913705775,230.68725751269176,18.769999999999925,0.43042105390469415,1.953211253049058,6:12,384,rr,False
2709.2134027727275,107.04915568527804,127.82832081218248,131.7560365482226,18.769999999999925,0.4075789292085138,1.8628057136481386,6:12,384,ll,False
4396.718929059109,8.429338680203387,23.079334822334772,24.615409949238938,18.769999999999925,0.7740401170848011,3.023103729655992,6:12,384,kv-nvda,False
4396.718929059109,8.429338680203387,23.079334822334772,24.615409949238938,18.769999999999925,0.7740401170848011,3.023103729655992,6:12,384,kv-t-c0.5,False
4470.5592233113575,5.611565532995883,19.93510167512659,22.39073736040592,18.769999999999925,0.7901756751236786,3.073874968972088,6:12,384,kv-t-c0.6,False
4515.449314560685,4.171864314720892,16.016243604061003,17.84077527918754,18.769999999999925,0.8047003701174066,3.104740576819683,6:12,384,kv-t-c0.7,False
4568.8376793848,2.2956136548223185,15.32605649746256,16.70581329949232,18.769999999999925,0.8176689700403207,3.1414494425498285,6:12,384,kv-t-c0.8,False
4597.544428644465,1.7269287309642891,11.763258426396419,14.246551472081194,18.769999999999925,0.8247443077248174,3.1611876796656055,6:12,384,kv-t-c0.9,False
4600.835865327849,1.4978380203049255,9.891121472081409,11.210780507614174,18.769999999999925,0.8289294937636392,3.1634508114859496,6:12,384,kv-t-c1.0,False
4470.5592233113575,5.611565532995883,19.93510167512659,22.39073736040592,18.769999999999925,0.7901756751236786,3.073874968972088,6:12,384,kv-s1.5-c0.8,False
4625.781141065429,1.3000320812183759,7.745685025380908,9.82590913705576,18.769999999999925,0.8325998608437052,3.180602728025612,6:12,384,kv-s3.0-c0.8,False
2571.420799994598,86.87303324873005,249.62709974619474,272.9579606598991,23.04079999999903,0.43042105390469415,1.7680620336224717,6:12,512,rr,False
2426.7099302512433,144.001289137056,166.83357324873123,171.31515634517712,23.036799999999037,0.4106918039498207,1.668561479436144,6:12,512,ll,False
3703.2498528117626,16.330690406091946,36.99194837563465,40.42760294416246,23.03659999999903,0.7722195383379243,2.5462870432518234,6:12,512,kv-nvda,False
3703.2498528117626,16.330690406091946,36.99194837563465,40.42760294416246,23.03659999999903,0.7722195383379243,2.5462870432518234,6:12,512,kv-t-c0.5,False
3784.8872972512577,10.50252817258854,26.897298324872907,28.60389959390841,23.038999999999046,0.7950810600250152,2.60241946079925,6:12,512,kv-t-c0.6,False
3884.2642302599875,8.452980558376396,23.51129142132038,25.368591725888678,23.043599999999035,0.8047060751147332,2.6707492270790234,6:12,512,kv-t-c0.7,False
3884.546690640823,5.072301269035563,21.67829055837666,23.827684923857873,23.03439999999905,0.8179179361236552,2.6709434416841784,6:12,512,kv-t-c0.8,False
3893.7184008391864,5.467192233502715,16.55690147208128,19.15513010152273,23.038599999999054,0.8213776747024216,2.6772497423041117,6:12,512,kv-t-c0.9,False
3888.1857119379574,4.847587664974014,17.107390913706297,19.06132355329919,23.03759999999906,0.8271198686116296,2.673445566344219,6:12,512,kv-t-c1.0,False
3784.8872972512577,10.50252817258854,26.897298324872907,28.60389959390841,23.038999999999046,0.7950810600250152,2.60241946079925,6:12,512,kv-s1.5-c0.8,False
3992.7190758966512,3.0707565989853833,16.539405076142202,18.19564538071097,23.04319999999908,0.83299624405796,2.7453208004803797,6:12,512,kv-s3.0-c0.8,False
2129.7018768748057,140.52226812182766,332.0642929949257,354.40107137055827,31.569999999999734,0.43042105390469415,1.4643441600242066,6:12,768,rr,False
2035.1113142144277,214.08050842639727,271.26180532994897,277.7401705583761,31.569999999999734,0.4190548736308862,1.3993054146818835,6:12,768,ll,False
2840.605256831132,37.81133746192921,72.77071852791892,75.6802684263958,31.569999999999734,0.773026453159804,1.9531483556180633,6:12,768,kv-nvda,False
2840.605256831132,37.81133746192921,72.77071852791892,75.6802684263958,31.569999999999734,0.773026453159804,1.9531483556180633,6:12,768,kv-t-c0.5,False
2901.5782929438506,25.777846243655176,55.065729086294425,58.46138928934016,31.569999999999734,0.7939811365404394,1.9950723029649216,6:12,768,kv-t-c0.6,False
2951.8637646641655,19.713347664974435,45.689371827411094,48.10874832487315,31.569999999999734,0.8122526455784103,2.029647676000588,6:12,768,kv-t-c0.7,False
2956.9191109965145,19.541503807106096,41.93346786802039,44.57596005076152,31.569999999999734,0.8133708250544314,2.0331236399179127,6:12,768,kv-t-c0.8,False
2958.214484422808,16.83877040609093,37.74022035532988,39.844005279188025,31.569999999999734,0.8220186882020427,2.03401431505533,6:12,768,kv-t-c0.9,False
2976.0180077680525,12.057130456852803,35.17518842639612,37.285734923857945,31.569999999999734,0.8268508209377053,2.0462556929315237,6:12,768,kv-t-c1.0,False
2901.5782929438506,25.777846243655176,55.065729086294425,58.46138928934016,31.569999999999734,0.7939811365404394,1.9950723029649216,6:12,768,kv-s1.5-c0.8,False
2975.8346327307527,14.985427106598536,31.642797614213123,34.12952807106615,31.569999999999734,0.8310791367563165,2.0461296076010465,6:12,768,kv-s3.0-c0.8,False
3159.2297913156403,5.530654010152148,19.451646142132063,25.27166822335039,8.130799999999976,0.28331199284000014,2.172228773107055,9:9,48,rr,False
3769.252189911783,3.167512690355352,8.736296243655602,11.45177664974608,8.10939999999994,0.311410702072945,2.5916690462118765,9:9,48,ll,False
4463.974377727749,0.1299492385786607,1.2003157360405794,3.723045685279203,8.110399999999935,0.817593892275502,3.0693473492710766,9:9,48,kv-nvda,True
4463.974377727749,0.1299492385786607,1.2003157360405794,3.723045685279203,8.110399999999935,0.817593892275502,3.0693473492710766,9:9,48,kv-t-c0.5,True
4419.0914738512865,0.1299492385786607,1.3547208121827339,3.707480101523288,8.113199999999917,0.8247869811048206,3.0384866833299493,9:9,48,kv-t-c0.6,True
4393.388591910598,0.1299492385786607,1.163045685279144,3.015030000000138,8.103799999999922,0.8357214071809486,3.020813850585457,9:9,48,kv-t-c0.7,True
4388.389840353419,0.12670050761425955,1.1175634517766184,2.792379796954151,8.118599999999985,0.8381188752574951,3.0173768002031243,9:9,48,kv-t-c0.8,True
4389.387444540228,0.12670050761425955,1.2205667512689047,2.8101522842639497,8.102799999999942,0.8381149958593129,3.018062734643448,9:9,48,kv-t-c0.9,True
4422.874588343812,0.1267005076142027,1.094895025380822,2.7614213197969093,8.110399999999968,0.8410250008956845,3.041087883842559,9:9,48,kv-t-c1.0,True
4419.0914738512865,0.1299492385786607,1.3547208121827339,3.707480101523288,8.113199999999917,0.8247869811048206,3.0384866833299493,9:9,48,kv-s1.5-c0.8,True
4422.013034588752,0.1299492385786607,1.0883248730964397,3.0115151776649327,8.117599999999932,0.8432020278755298,3.0404954951972427,9:9,48,kv-s3.0-c0.8,True
3394.781665645822,17.082133299492398,38.80931492385753,48.67174873096474,10.247200000000069,0.28331199284000014,2.334189944904639,9:9,96,rr,False
3717.967925405478,12.95620969543188,20.224963654822204,22.805334619289283,10.242600000000074,0.30196482389928353,2.556406921476773,9:9,96,ll,False
5229.3088713035795,0.14492654822322493,1.6295301522844738,3.723045685279203,10.242800000000052,0.7939825057397978,3.595577385644723,9:9,96,kv-nvda,True
5229.3088713035795,0.14492654822322493,1.6295301522844738,3.723045685279203,10.242800000000052,0.7939825057397978,3.595577385644723,9:9,96,kv-t-c0.5,True
5207.686302974995,0.1461928934010075,2.2928037563451653,4.14842131979691,10.247600000000062,0.8070054172372615,3.580710102105887,9:9,96,kv-t-c0.6,True
5232.375427174968,0.1429441624365495,1.8641321319798294,4.1161421319797,10.249800000000072,0.8179261513198055,3.5976858935210667,9:9,96,kv-t-c0.7,True
5239.844298131487,0.13644670050763352,1.5106598984771722,3.8775449746194113,10.238200000000035,0.8270183196592155,3.602821352941896,9:9,96,kv-t-c0.8,True
5353.8527898702705,0.13644670050763352,1.6795939086294425,3.4979943654822137,10.247800000000042,0.8291188996748836,3.6812115120921707,9:9,96,kv-t-c0.9,True
5238.335869927328,0.13644670050763352,1.4749238578680206,4.083752081218336,10.24920000000006,0.8366230249584505,3.6017841852258123,9:9,96,kv-t-c1.0,True
5207.686302974995,0.1461928934010075,2.2928037563451653,4.14842131979691,10.247600000000062,0.8070054172372615,3.580710102105887,9:9,96,kv-s1.5-c0.8,True
5231.092276570052,0.13319796954317553,1.5588638578680047,4.141086700507685,10.248600000000028,0.8408666301698972,3.596803622572657,9:9,96,kv-s3.0-c0.8,True
3271.5453702081413,29.120937055836976,58.12668416243764,67.3252397969544,12.369999999999889,0.28331199284000014,2.2494549162667345,9:9,144,rr,False
3534.91915599444,22.92871365482233,29.704045939085972,32.107260507614285,12.369999999999889,0.31085275333439977,2.430545926847792,9:9,144,ll,False
5259.406081466716,0.17218274111672827,2.771715685279162,4.649511522842602,12.369999999999889,0.77937816898339,3.6162716783126165,9:9,144,kv-nvda,True
5259.406081466716,0.17218274111672827,2.771715685279162,4.649511522842602,12.369999999999889,0.77937816898339,3.6162716783126165,9:9,144,kv-t-c0.5,True
5221.757051439221,0.15269035532992348,1.92285076142133,4.2114736040612115,12.369999999999889,0.810855149433277,3.5903848920680366,9:9,144,kv-t-c0.6,True
5225.924839988041,0.1559390862944383,2.1604060913705325,4.116142131979672,12.369999999999889,0.811074677730406,3.5932505874444414,9:9,144,kv-t-c0.7,True
5242.288157278959,0.1591878172588963,2.319593908629429,4.129137055837589,12.369999999999889,0.8218774324682352,3.6045017059102524,9:9,144,kv-t-c0.8,True
5244.476015135093,0.1494416243654655,2.1506598984771585,3.9017258883248758,12.369999999999889,0.8274384356623491,3.606006037060721,9:9,144,kv-t-c0.9,True
5245.361430118294,0.1494416243654655,1.7519928426397087,3.9017258883248758,12.369999999999889,0.832734726980507,3.606614832251225,9:9,144,kv-t-c1.0,True
5221.757051439221,0.15269035532992348,1.92285076142133,4.2114736040612115,12.369999999999889,0.810855149433277,3.5903848920680366,9:9,144,kv-s1.5-c0.8,True
5245.6034980379545,0.1494416243654655,1.6915604060913552,3.6335748730965065,12.369999999999889,0.8350459354974746,3.606781273736924,9:9,144,kv-s3.0-c0.8,True
3113.588226912274,40.734672081217695,74.10945979695464,83.57606664974617,14.504799999999964,0.28331199284000014,2.1408464660272895,9:9,192,rr,False
3355.170019831757,32.463959949239666,43.51949441624339,47.10200928934012,14.505999999999968,0.3125065179594457,2.3069536998477056,9:9,192,ll,False
4921.200087234655,0.1949238578680479,3.6087640609136997,5.374413147208145,14.50559999999997,0.7777912669270123,3.3837274063107317,9:9,192,kv-nvda,True
4921.200087234655,0.1949238578680479,3.6087640609136997,5.374413147208145,14.50559999999997,0.7777912669270123,3.3837274063107317,9:9,192,kv-t-c0.5,True
5017.323853864545,0.19817258883250588,3.085094416243777,4.581025025380882,14.507199999999962,0.7980465176354018,3.4498203547334296,9:9,192,kv-t-c0.6,True
4904.711971201834,0.1754314720812431,2.4397969543147155,4.338334619289242,14.496799999999954,0.8099854796408043,3.372390478506596,9:9,192,kv-t-c0.7,True
5012.547279890153,0.1619600000001924,2.1506598984771585,4.008019644670014,14.509399999999966,0.8209354233096606,3.4465360696040066,9:9,192,kv-t-c0.8,True
5030.335635388378,0.1559390862944383,2.038841319797001,4.125888324873074,14.498199999999944,0.8237228850034561,3.458767018345285,9:9,192,kv-t-c0.9,True
5013.383741279227,0.1591878172588963,1.817688832487363,3.8066534517765263,14.519399999999978,0.8316781614756136,3.447111205196211,9:9,192,kv-t-c1.0,True
5017.323853864545,0.19817258883250588,3.085094416243777,4.581025025380882,14.507199999999962,0.7980465176354018,3.4498203547334296,9:9,192,kv-s1.5-c0.8,True
4923.632854821446,0.15787487309626158,1.930718020304596,4.2878241116754054,14.510999999999955,0.8361709609702876,3.3854001329242998,9:9,192,kv-s3.0-c0.8,True
2792.9916592080626,64.96807715735986,108.13751725888312,117.60533670050734,18.769999999999925,0.28331199284000014,1.9204101144707166,9:9,288,rr,False
2878.1721762060743,58.344067106598914,68.03483736040607,70.8716606091375,18.769999999999925,0.30664839850456044,1.9789786840758292,9:9,288,ll,False
4326.6514029486225,0.4190862944162177,5.315181675127235,7.189128375634596,18.769999999999925,0.7659312620846106,2.9749265768904616,9:9,288,kv-nvda,False
4326.6514029486225,0.4190862944162177,5.315181675127235,7.189128375634596,18.769999999999925,0.7659312620846106,2.9749265768904616,9:9,288,kv-t-c0.5,False
4349.152310887071,0.3496278680202636,4.344292893400876,5.562663197969584,18.769999999999925,0.7857988011746818,2.9903977907221644,9:9,288,kv-t-c0.6,True
4355.521759130485,0.25989847715737824,3.736799644670242,5.645556040609364,18.769999999999925,0.8063429529476922,2.994777307141386,9:9,288,kv-t-c0.7,True
4364.551046761097,0.21116751269033784,3.1177712182742994,5.150447918781651,18.769999999999925,0.8154985608573744,3.000985680601838,9:9,288,kv-t-c0.8,True
4358.80886003428,0.22741116751268464,3.178037969543226,4.746395939086284,18.769999999999925,0.8195792313451722,2.997037457758779,9:9,288,kv-t-c0.9,True
4370.6010694461875,0.19167512690356148,2.5749695431474606,4.371561370558226,18.769999999999925,0.8263962467507188,3.0051455658341917,9:9,288,kv-t-c1.0,True
4349.152310887071,0.3496278680202636,4.344292893400876,5.562663197969584,18.769999999999925,0.7857988011746818,2.9903977907221644,9:9,288,kv-s1.5-c0.8,True
4367.688404974112,0.1786802030457011,2.378071065989843,4.915506903553251,18.769999999999925,0.8352663765941759,3.003142870876692,9:9,288,kv-s3.0-c0.8,True
2507.0638834324754,88.4970933502533,137.96191949238562,147.78007269035527,23.04039999999904,0.28331199284000014,1.723811391808134,9:9,384,rr,False
2589.979538235274,80.14317497461946,88.49267583756313,91.13201203045662,23.03719999999904,0.30781495635791145,1.780822683483959,9:9,384,ll,False
3749.8976099396677,1.2215228426396152,11.982648375634597,13.481545431471886,23.040599999999024,0.7617241688560544,2.578361190093781,9:9,384,kv-nvda,False
3749.8976099396677,1.2215228426396152,11.982648375634597,13.481545431471886,23.040599999999024,0.7617241688560544,2.578361190093781,9:9,384,kv-t-c0.5,False
3774.352059434314,0.38984771573603894,6.40897629441605,8.396541928933942,23.036599999999094,0.7943887015494544,2.595175623462568,9:9,384,kv-t-c0.6,False
3776.0492817709583,0.4005301015227474,6.216530050761321,8.19890111675116,23.029799999999042,0.8023871078014013,2.5963426025801217,9:9,384,kv-t-c0.7,False
3837.1531125894744,0.2988832487309878,3.859553807106579,5.662729137055777,23.037399999999035,0.8173294085994391,2.6383564819806993,9:9,384,kv-t-c0.8,False
3831.392742707718,0.24690355329948943,3.5623979695433263,4.936612385786901,23.03699999999901,0.8227833860437053,2.634395756732005,9:9,384,kv-t-c0.9,False
3831.369816982438,0.22510360406090513,3.183137715736052,5.086981928933994,23.039999999999054,0.8289543675519834,2.634379993421519,9:9,384,kv-t-c1.0,False
3774.352059434314,0.38984771573603894,6.40897629441605,8.396541928933942,23.036599999999094,0.7943887015494544,2.595175623462568,9:9,384,kv-s1.5-c0.8,False
3774.991942734865,0.21684837563441306,2.9527227918783296,5.282436548223359,23.03579999999906,0.8327623391675678,2.595615595547128,9:9,384,kv-s3.0-c0.8,False
2229.1697978993225,118.60448822335036,171.64911472081235,182.07534999999996,28.725399999999073,0.28331199284000014,1.532736488003811,9:9,512,rr,False
2272.3419312196356,114.30881959390877,127.3212162944161,130.80548842639587,28.724999999999092,0.30353689296261194,1.562420859318803,9:9,512,ll,False
3203.0258673793865,1.571042690355398,18.029366548223493,20.185292436548337,28.72939999999901,0.7677999910089243,2.202342156070323,9:9,512,kv-nvda,False
3203.0258673793865,1.571042690355398,18.029366548223493,20.185292436548337,28.72939999999901,0.7677999910089243,2.202342156070323,9:9,512,kv-t-c0.5,False
3195.8333489591087,1.5549940609138275,11.10051588832468,12.67995598984811,28.72839999999908,0.7846447943154494,2.1973967116121274,9:9,512,kv-t-c0.6,False
3202.9785475631397,0.7013162944161877,8.669635532994675,10.696027461928963,28.727399999999086,0.8033387013554846,2.2023096198278913,9:9,512,kv-t-c0.7,False
3245.8853677478787,0.4226205583757974,6.489141979695404,8.526064263959569,28.727199999999012,0.8153214777403556,2.231811566670766,9:9,512,kv-t-c0.8,False
3188.8935504839087,0.39277208121828266,6.239385482233445,8.73065121827409,28.725799999999055,0.8198587762141775,2.192625032777991,9:9,512,kv-t-c0.9,False
3201.931857170635,0.31623142131979876,5.112707918781609,6.865107664974545,28.7243999999991,0.8245482840166741,2.2015899346079735,9:9,512,kv-t-c1.0,False
3195.8333489591087,1.5549940609138275,11.10051588832468,12.67995598984811,28.72839999999908,0.7846447943154494,2.1973967116121274,9:9,512,kv-s1.5-c0.8,False
3233.6827198691512,0.2728934010152386,4.118567868020364,6.424684720812252,28.72439999999909,0.8316923098689836,2.223421248592882,9:9,512,kv-s3.0-c0.8,False
1774.8061798219946,179.700229847716,224.9544827411172,237.18688568528,40.103200000000626,0.28331199284000014,1.2203243528201988,9:9,768,rr,False
1820.2675024818625,177.39918944162434,197.43473629441627,202.19260725888324,40.104000000000575,0.30636588703694534,1.2515827289651464,9:9,768,ll,False
2370.3454029702643,10.66186390862913,42.875076345177774,46.05651959390863,40.10880000000057,0.7598232637468186,1.6298062586925044,9:9,768,kv-nvda,False
2370.3454029702643,10.66186390862913,42.875076345177774,46.05651959390863,40.10880000000057,0.7598232637468186,1.6298062586925044,9:9,768,kv-t-c0.5,False
2411.5736366635824,5.232739796954775,31.502317005076378,34.43987329949269,40.1024000000006,0.7874616937954503,1.6581540400850419,9:9,768,kv-t-c0.6,False
2419.5349195020326,2.363598375634524,25.990475126903505,28.383570710659853,40.097800000000674,0.8011575667775642,1.6636280729331945,9:9,768,kv-t-c0.7,False
2424.7203693799274,1.5445342639593491,19.8258377664975,22.16072654822335,40.099600000000606,0.8140412763402579,1.6671934936750574,9:9,768,kv-t-c0.8,False
2397.291420802934,1.268272690355161,18.13400040609133,20.560575736040647,40.10180000000062,0.8195961181372591,1.64833384899875,9:9,768,kv-t-c0.9,False
2424.3121242482594,0.8570650761420211,14.118641015228235,16.52023771573613,40.09920000000062,0.8281492783292482,1.6669127917698248,9:9,768,kv-t-c1.0,False
2411.5736366635824,5.232739796954775,31.502317005076378,34.43987329949269,40.1024000000006,0.7874616937954503,1.6581540400850419,9:9,768,kv-s1.5-c0.8,False
2424.183177221011,0.6996742639593663,11.321432030456691,14.396807106599084,40.103200000000605,0.8331331639937993,1.6668241301461701,9:9,768,kv-s3.0-c0.8,False
3382.438810441557,2.2708629441624453,10.516456243655057,14.891537664974976,9.169999999999872,0.27656138360333565,2.3257032228274097,12:6,48,rr,False
3453.5339438461056,3.0018274111674828,7.780710659898432,10.477157360406068,9.169999999999872,0.23611888575469014,2.3745869396224872,12:6,48,ll,False
3941.6626940888173,0.12345177664974472,1.0883248730964397,2.767918781725882,9.169999999999872,0.8319609011431217,2.7102153637316557,12:6,48,kv-nvda,True
3941.6626940888173,0.12345177664974472,1.0883248730964397,2.767918781725882,9.169999999999872,0.8319609011431217,2.7102153637316557,12:6,48,kv-t-c0.5,True
3935.0180133648423,0.12345177664974472,1.1642985279186178,3.245482233502514,9.169999999999872,0.8327643929666054,2.7056466024796553,12:6,48,kv-t-c0.6,True
3933.2374999536164,0.12670050761425955,1.1727918781725748,3.541116751269044,9.169999999999872,0.8364046376607868,2.7044223539386345,12:6,48,kv-t-c0.7,True
3934.6076889090455,0.12670050761425955,1.1143147208121604,3.1566179187817625,9.169999999999872,0.8398486304469318,2.7053644708690827,12:6,48,kv-t-c0.8,True
3935.1867980904826,0.1267005076142027,1.1175634517766184,3.446903553299478,9.169999999999872,0.8411673976289574,2.7057626557779955,12:6,48,kv-t-c0.9,True
3941.1905322224775,0.12345177664974472,1.083170812182857,3.245482233502514,9.169999999999872,0.8437467410202771,2.7098907138456463,12:6,48,kv-t-c1.0,True
3935.0180133648423,0.12345177664974472,1.1642985279186178,3.245482233502514,9.169999999999872,0.8327643929666054,2.7056466024796553,12:6,48,kv-s1.5-c0.8,True
3944.076515001515,0.12020304568528672,1.0720812182740929,3.151269035533005,9.169999999999872,0.8445198822579831,2.711875062957746,12:6,48,kv-s3.0-c0.8,True
3808.238634004538,4.814619289340158,23.23789883248776,28.789914365482332,12.369999999999889,0.27656138360333565,2.6184754139703124,12:6,96,rr,False
3769.383643887599,6.116683705583739,12.350888629441442,15.080559238578417,12.369999999999889,0.23744221693457715,2.591759431567634,12:6,96,ll,False
4382.521482931828,0.1299492385786607,1.1987817258883524,3.6422178172588247,12.369999999999889,0.8024049073930604,3.013341824691974,12:6,96,kv-nvda,True
4382.521482931828,0.1299492385786607,1.1987817258883524,3.6422178172588247,12.369999999999889,0.8024049073930604,3.013341824691974,12:6,96,kv-t-c0.5,True
4382.453641830309,0.1299492385786607,1.3254822335025551,3.563857868020307,12.369999999999889,0.826536133285168,3.0132951783881423,12:6,96,kv-t-c0.6,True
4383.7201377214615,0.1299492385786607,1.285549492385826,3.245482233502514,12.369999999999889,0.8303970472759437,3.0141659978591875,12:6,96,kv-t-c0.7,True
4384.032684460195,0.12670050761425955,1.1727918781725748,3.245482233502514,12.369999999999889,0.8340676425559027,3.014380899295191,12:6,96,kv-t-c0.8,True
4383.420082103967,0.1299492385786607,1.2215228426396152,3.245482233502514,12.369999999999889,0.8367843622828478,3.0139596850902826,12:6,96,kv-t-c0.9,True
4385.81188459869,0.1299492385786607,1.1609670050762588,2.621725888324818,12.369999999999889,0.8379326641447535,3.015604244853839,12:6,96,kv-t-c1.0,True
4382.453641830309,0.1299492385786607,1.3254822335025551,3.563857868020307,12.369999999999889,0.826536133285168,3.0132951783881423,12:6,96,kv-s1.5-c0.8,True
4383.374661336419,0.1299492385786607,1.2215228426396152,2.5697461928933762,12.369999999999889,0.8424085768473409,3.0139284545990925,12:6,96,kv-s3.0-c0.8,True
3577.6874707172583,9.761945634517929,32.52614634517738,40.04924857868116,15.569999999999759,0.27656138360333565,2.4599526398616987,12:6,144,rr,False
3514.795376878903,12.224966294416106,19.710259238578885,22.13444233502537,15.569999999999759,0.2507985284758096,2.416709183430588,12:6,144,ll,False
4175.663218958474,0.13319796954317553,1.7764264974620119,3.9829441624365245,15.569999999999759,0.8023620058131641,2.871109855940259,12:6,144,kv-nvda,True
4175.663218958474,0.13319796954317553,1.7764264974620119,3.9829441624365245,15.569999999999759,0.8023620058131641,2.871109855940259,12:6,144,kv-t-c0.5,True
4175.674459846596,0.13319796954317553,1.5577718781724457,3.914720812182736,15.569999999999759,0.8119840543042721,2.8711175849698725,12:6,144,kv-t-c0.6,True
4182.089340013747,0.13319796954317553,1.4489340101522998,3.9596920304570062,15.569999999999759,0.8209673712946898,2.8755283395510753,12:6,144,kv-t-c0.7,True
4176.501494460467,0.13319796954317553,1.2572588832487384,3.2324873096446822,15.569999999999759,0.8307728924998226,2.871686238883414,12:6,144,kv-t-c0.8,True
4178.83812240583,0.1299492385786607,1.3074351269032718,3.415835076142116,15.569999999999759,0.8366520063448698,2.873292861633337,12:6,144,kv-t-c0.9,True
4178.097281619867,0.1331979695431471,1.4131979695431482,3.7178631979692796,15.569999999999759,0.8362919069136124,2.872783473023498,12:6,144,kv-t-c1.0,True
4175.674459846596,0.13319796954317553,1.5577718781724457,3.914720812182736,15.569999999999759,0.8119840543042721,2.8711175849698725,12:6,144,kv-s1.5-c0.8,True
4177.915803068726,0.1299492385786607,1.3099700507614784,3.723045685279203,15.569999999999759,0.8387192691761505,2.872658691682307,12:6,144,kv-s3.0-c0.8,True
3285.004404441189,15.235051928934013,41.038934822334795,49.49180512690418,18.769999999999925,0.27656138360333565,2.258709102682558,12:6,192,rr,False
3159.3612203952557,19.559284720812457,27.80459482233539,31.008010812182988,18.769999999999925,0.24961211723176185,2.172319141344639,12:6,192,ll,False
3867.380665390316,0.1461928934010075,2.4170558375634528,4.2996235532995115,18.769999999999925,0.7893297381200847,2.6591403958685387,12:6,192,kv-nvda,True
3867.380665390316,0.1461928934010075,2.4170558375634528,4.2996235532995115,18.769999999999925,0.7893297381200847,2.6591403958685387,12:6,192,kv-t-c0.5,True
3863.035690798324,0.13319796954317553,1.6048730964466813,3.7230456852791747,18.769999999999925,0.8110760469297644,2.6561528706011175,12:6,192,kv-t-c0.6,True
3863.8214919195,0.13644670050763352,1.6830735025381784,3.7230456852791747,18.769999999999925,0.8185740108162185,2.6566931731172723,12:6,192,kv-t-c0.7,True
3866.6630154671825,0.12994923857868912,1.3254822335025551,3.6028426395939164,18.769999999999925,0.8290269351179782,2.658646952872928,12:6,192,kv-t-c0.8,True
3865.7391728826733,0.13319796954317553,1.3877918781725498,3.8005913197970926,18.769999999999925,0.8306590207531829,2.6580117355647697,12:6,192,kv-t-c0.9,True
3865.6514451773537,0.13319796954317553,1.3839593908629695,3.9017258883248758,18.769999999999925,0.8336317807601475,2.6579514155949413,12:6,192,kv-t-c1.0,True
3863.035690798324,0.13319796954317553,1.6048730964466813,3.7230456852791747,18.769999999999925,0.8110760469297644,2.6561528706011175,12:6,192,kv-s1.5-c0.8,True
3864.4776030156445,0.1299492385786607,1.335228426395929,4.329077563451733,18.769999999999925,0.8412543417882155,2.6571443031380504,12:6,192,kv-s3.0-c0.8,True
2776.815443096712,26.099661928933926,58.78013619289334,67.11673304568569,25.169999999998844,0.27656138360333565,1.9092876433628332,12:6,288,rr,False
2618.357636480028,36.95523451776654,45.390757005076125,48.462337664974484,25.169999999998844,0.24376905896981896,1.8003349461572107,12:6,288,ll,False
3258.423080427013,0.16893401015227028,3.2035216751269786,4.499492385786795,25.169999999998844,0.7735739047032683,2.24043226919308,12:6,288,kv-nvda,False
3258.423080427013,0.16893401015227028,3.2035216751269786,4.499492385786795,25.169999999998844,0.7735739047032683,2.24043226919308,12:6,288,kv-t-c0.5,False
3263.3399886479797,0.1461928934010075,2.03370558375633,4.177868020304572,25.169999999998844,0.7982740329287882,2.243813045590438,12:6,288,kv-t-c0.6,False
3252.3494944344156,0.1494416243654655,1.9394923857867923,4.002436548223358,25.169999999998844,0.8146555904523903,2.2362561822603326,12:6,288,kv-t-c0.7,False
3264.813188358302,0.13644670050763352,1.535541675126808,4.202000456852943,25.169999999998844,0.824359790905002,2.2448259908368056,12:6,288,kv-t-c0.8,False
3263.393665703011,0.13644670050763352,1.7855069035532551,4.039969898477125,25.169999999998844,0.8294212645331954,2.2438499529542884,12:6,288,kv-t-c0.9,False
3262.901859488481,0.1429441624365495,1.7521875634517414,3.8661737055837193,25.169999999998844,0.8327538957715245,2.2435117959728204,12:6,288,kv-t-c1.0,False
3263.3399886479797,0.1461928934010075,2.03370558375633,4.177868020304572,25.169999999998844,0.7982740329287882,2.243813045590438,12:6,288,kv-s1.5-c0.8,False
3264.4566923374755,0.13319796954317553,1.3544393401015213,3.8135796954315424,25.169999999998844,0.8400873275350783,2.244580870676168,12:6,288,kv-s3.0-c0.8,False
2400.4099104535376,37.58648121827383,79.42023730964445,86.68618639593865,31.569999999999734,0.27656138360333565,1.650478065594294,12:6,384,rr,False
2248.167694457735,52.12024969543165,65.28726928934054,68.60475233502552,31.569999999999734,0.23516729220060686,1.545799095113346,12:6,384,ll,False
2771.052066756008,0.17966492385778565,3.0278172588832604,4.496243654822308,31.569999999999734,0.774384242523544,1.9053248509278111,12:6,384,kv-nvda,False
2771.052066756008,0.17966492385778565,3.0278172588832604,4.496243654822308,31.569999999999734,0.774384242523544,1.9053248509278111,12:6,384,kv-t-c0.5,False
2772.5793588975102,0.1591878172588963,2.287106598984792,4.267932994923626,31.569999999999734,0.7967774980300644,1.9063749891430912,12:6,384,kv-t-c0.6,False
2775.0221992714132,0.1429441624365495,1.7746445177665464,3.914747512690326,31.569999999999734,0.8138794826160745,1.9080546416213269,12:6,384,kv-t-c0.7,False
2773.600116072208,0.1429441624365495,1.7445685279187728,3.7230456852791747,31.569999999999734,0.8227868090421013,1.9070768431555245,12:6,384,kv-t-c0.8,False
2772.8227995556513,0.1429441624365495,1.6602098477156915,3.5330490862943975,31.569999999999734,0.8284833629726961,1.906542374498728,12:6,384,kv-t-c0.9,False
2771.320017282737,0.13644670050763352,1.5839523857868585,3.4952495431471675,31.569999999999734,0.8307019223330792,1.9055090888219743,12:6,384,kv-t-c1.0,False
2772.5793588975102,0.1591878172588963,2.287106598984792,4.267932994923626,31.569999999999734,0.7967774980300644,1.9063749891430912,12:6,384,kv-s1.5-c0.8,False
2771.408961263217,0.1429441624365495,1.6500005583755808,4.0957856345177674,31.569999999999734,0.8382030810180362,1.9055702450804157,12:6,384,kv-s3.0-c0.8,False
2032.077913958131,54.1718637055838,103.6979670050763,117.43257522842617,40.102200000000614,0.27656138360333565,1.397219704001644,12:6,512,rr,False
1897.8242785459809,73.51369903553268,90.41203654822351,93.7432518781722,40.108600000000585,0.24855098772900716,1.304909353378162,12:6,512,ll,False
2301.2568365573234,0.22416243654822665,5.636730659898461,7.488324873096474,40.102400000000664,0.7733717195980122,1.5823022207565967,12:6,512,kv-nvda,False
2301.2568365573234,0.22416243654822665,5.636730659898461,7.488324873096474,40.102400000000664,0.7733717195980122,1.5823022207565967,12:6,512,kv-t-c0.5,False
2302.882974725092,0.17298096446697286,2.5998242131979907,4.097060355329916,40.09960000000065,0.7978482119283279,1.5834203236963653,12:6,512,kv-t-c0.6,False
2304.4308511172385,0.18192893401015908,3.098659796954337,4.571878629441471,40.10440000000063,0.8049027834225557,1.5844846152668857,12:6,512,kv-t-c0.7,False
2299.569770570539,0.1559390862944099,2.192893401015226,3.7230456852791747,40.107400000000595,0.8212199885763134,1.581142224959932,12:6,512,kv-t-c0.8,False
2281.0279737794563,0.1461928934010075,1.6048730964467097,3.674314720812191,40.09620000000063,0.8301948621706876,1.5683932237301355,12:6,512,kv-t-c0.9,False
2303.4801337906997,0.1494416243654939,2.0637352284264807,4.349218426396021,40.10820000000058,0.8284160440042417,1.5838309193763633,12:6,512,kv-t-c1.0,False
2302.882974725092,0.17298096446697286,2.5998242131979907,4.097060355329916,40.09960000000065,0.7978482119283279,1.5834203236963653,12:6,512,kv-s1.5-c0.8,False
2301.3835809155894,0.1494416243654655,1.9605657868020785,3.7817001015228016,40.102400000000614,0.8337547805025098,1.5823893678652405,12:6,512,kv-s3.0-c0.8,False
1522.653691417377,93.42877345177669,155.6243686294414,177.29691294416222,57.16999999999852,0.27656138360333565,1.0469489016172797,12:6,768,rr,False
1450.5497388530828,123.32391258883217,142.6095773604061,146.03682289340088,57.16999999999852,0.23741757134612607,0.9973715391710739,12:6,768,ll,False
1695.9318940402247,1.0850761421319817,17.08937807106588,19.404451624365265,57.16999999999852,0.7569401862978287,1.1660918327596437,12:6,768,kv-nvda,False
1695.9318940402247,1.0850761421319817,17.08937807106588,19.404451624365265,57.16999999999852,0.7569401862978287,1.1660918327596437,12:6,768,kv-t-c0.5,False
1694.801243566169,0.38984771573603894,10.343384365482137,12.445878781726037,57.16999999999852,0.7862015739859425,1.1653144181192707,12:6,768,kv-t-c0.6,False
1697.1845697351032,0.24365482233503144,7.60810472081215,9.578485279187674,57.16999999999852,0.802139054517639,1.1669531497158419,12:6,768,kv-t-c0.7,False
1694.4538131573447,0.19817258883247746,3.3674297969542977,5.253197969543152,57.16999999999852,0.814390193976755,1.165075531308069,12:6,768,kv-t-c0.8,False
1694.9323706345026,0.20790116751260257,3.4688303045685416,5.301928934010164,57.16999999999852,0.817572441485554,1.1654045786994065,12:6,768,kv-t-c0.9,False
1693.0548158564804,0.16568527918781228,2.472461421319764,4.045419441624347,57.16999999999852,0.8273629014977444,1.1641136062848276,12:6,768,kv-t-c1.0,False
1694.801243566169,0.38984771573603894,10.343384365482137,12.445878781726037,57.16999999999852,0.7862015739859425,1.1653144181192707,12:6,768,kv-s1.5-c0.8,False
1693.592023462698,0.1526903553299519,2.0204464974619327,4.457258883248755,57.16999999999852,0.8351522766476431,1.1644829804349972,12:6,768,kv-s3.0-c0.8,False
2551.5880232963523,3.752284263959382,8.64812182741116,11.169793197969966,12.369999999999889,0.17792722842330075,1.754425378158864,15:3,48,rr,False
2670.003422116932,2.8491370558375593,7.309644670050716,10.106802030456947,12.369999999999889,0.2381845511867193,1.8358456462267623,15:3,48,ll,False
2932.3599251579562,0.12345177664974472,1.0883248730964397,3.7100507614213143,12.369999999999889,0.8352378516075427,2.0162371917496764,15:3,48,kv-nvda,True
2932.3599251579562,0.12345177664974472,1.0883248730964397,3.7100507614213143,12.369999999999889,0.8352378516075427,2.0162371917496764,15:3,48,kv-t-c0.5,True
2934.3464670433336,0.12345177664974472,1.049781370558378,2.751675126903592,12.369999999999889,0.8401060399263097,2.0176031017111047,15:3,48,kv-t-c0.6,True
2933.6044658025107,0.12345177664974472,1.0883248730964397,3.1415228426395743,12.369999999999889,0.8404540447632346,2.0170929151936736,15:3,48,kv-t-c0.7,True
2934.954120330907,0.12345177664974472,1.0658538071067483,2.8770727411168764,12.369999999999889,0.8422150633380213,2.018020913026688,15:3,48,kv-t-c0.8,True
2935.001284155207,0.12345177664974472,1.0521170050761839,2.9055803553297324,12.369999999999889,0.8429756535816088,2.0180533420119033,15:3,48,kv-t-c0.9,True
2934.252436020612,0.12345177664974472,1.0655837563451769,2.696446700507636,12.369999999999889,0.8441878514135728,2.017538447695217,15:3,48,kv-t-c1.0,True
2934.3464670433336,0.12345177664974472,1.049781370558378,2.751675126903592,12.369999999999889,0.8401060399263097,2.0176031017111047,15:3,48,kv-s1.5-c0.8,True
2932.6295179689278,0.12345177664974472,1.0850761421319248,2.7614213197969093,12.369999999999889,0.8448252137149048,2.016422558848526,15:3,48,kv-s3.0-c0.8,True
2683.177039309034,4.2822667005075346,11.280529949238542,17.713216040609154,18.769999999999925,0.17792722842330075,1.8449035850918758,15:3,96,rr,False
2743.2076615076635,3.1090355329948807,7.689746192893381,10.477157360406068,18.769999999999925,0.20324714755838666,1.8861795458231392,15:3,96,ll,False
2898.4017174332917,0.12670050761425955,1.1655800507614344,3.248730964467029,18.769999999999925,0.8309800980027261,1.9928881475916875,15:3,96,kv-nvda,True
2898.4017174332917,0.12670050761425955,1.1655800507614344,3.248730964467029,18.769999999999925,0.8309800980027261,1.9928881475916875,15:3,96,kv-t-c0.5,True
2899.9788064253503,0.12345177664974472,1.0883248730964397,3.0245685279188024,18.769999999999925,0.8379077903564094,1.9939725252130045,15:3,96,kv-t-c0.6,True
2900.950888019636,0.12345177664974472,1.039593908629456,2.4365482233502007,18.769999999999925,0.8402370266649293,1.9946409107842975,15:3,96,kv-t-c0.7,True
2899.526181550205,0.12020304568528672,1.0883248730964397,2.7484263959390773,18.769999999999925,0.840465911157674,1.9936613086057422,15:3,96,kv-t-c0.8,True
2900.4652313911934,0.12345177664974472,1.0655837563451769,2.6217258883248746,18.769999999999925,0.841040518488413,1.9943069821460413,15:3,96,kv-t-c0.9,True
2900.042774078299,0.12345177664974472,1.0720812182740929,2.8694813197968188,18.769999999999925,0.8422682339131056,1.9940165082042594,15:3,96,kv-t-c1.0,True
2899.9788064253503,0.12345177664974472,1.0883248730964397,3.0245685279188024,18.769999999999925,0.8379077903564094,1.9939725252130045,15:3,96,kv-s1.5-c0.8,True
2900.3448693996224,0.12345177664974472,1.042842639593914,2.5112690355330187,18.769999999999925,0.8448685716945873,1.9942242234363086,15:3,96,kv-s3.0-c0.8,True
2431.3057677276606,5.56192182741114,16.435051573604028,25.348111776649887,25.169999999998844,0.17792722842330075,1.671721493446597,15:3,144,rr,False
2505.8242213686995,3.4274111675126733,8.24203045685283,10.62546578680201,25.169999999998844,0.2003166045316391,1.7229590227872842,15:3,144,ll,False
2592.9030383892373,0.1267005076142027,1.1175634517766753,3.5260105076142736,25.169999999998844,0.8274012390797794,1.7828328288586572,15:3,144,kv-nvda,False
2592.9030383892373,0.1267005076142027,1.1175634517766753,3.5260105076142736,25.169999999998844,0.8274012390797794,1.7828328288586572,15:3,144,kv-t-c0.5,False
2591.837199444801,0.1267005076142027,1.140304568527938,3.488834771573636,25.169999999998844,0.832174268043138,1.7820999774437438,15:3,144,kv-t-c0.6,False
2592.3256817548195,0.12345177664974472,1.0883248730964397,2.87512690355328,25.169999999998844,0.8373763128054598,1.782435848969105,15:3,144,kv-t-c0.7,False
2592.5970759098504,0.1267005076142027,1.1175634517766184,3.0213197969542875,25.169999999998844,0.8390786840077287,1.782622454639269,15:3,144,kv-t-c0.8,False
2592.6815227280063,0.1267005076142027,1.156548223350228,3.3460574111675214,25.169999999998844,0.8397251743047833,1.7826805187309347,15:3,144,kv-t-c0.9,False
2593.2975604633425,0.12670050761425955,1.1175634517766184,3.0213197969542875,25.169999999998844,0.8417819399409829,1.783104095039849,15:3,144,kv-t-c1.0,False
2591.837199444801,0.1267005076142027,1.140304568527938,3.488834771573636,25.169999999998844,0.832174268043138,1.7820999774437438,15:3,144,kv-s1.5-c0.8,False
2591.702188499471,0.12345177664974472,1.0883248730964397,2.557171319797021,25.169999999998844,0.8442309811933623,1.7820071463806357,15:3,144,kv-s3.0-c0.8,False
2157.754293677575,7.386546345177408,23.7938493401017,39.25599903553314,31.569999999999734,0.17792722842330075,1.483632490079106,15:3,192,rr,False
2246.0048893895137,3.638578680203068,9.273254974619306,11.373807106598974,31.569999999999734,0.20655330760912005,1.5443119898028281,15:3,192,ll,False
2305.6160706764795,0.12670050761425955,1.1922842639593796,3.6028426395938595,31.569999999999734,0.8207227410093235,1.5852995506147698,15:3,192,kv-nvda,False
2305.6160706764795,0.12670050761425955,1.1922842639593796,3.6028426395938595,31.569999999999734,0.8207227410093235,1.5852995506147698,15:3,192,kv-t-c0.5,False
2304.892736846765,0.1267005076142027,1.1727918781725748,3.1937313705582824,31.569999999999734,0.8276139213801165,1.5848021994686814,15:3,192,kv-t-c0.6,False
2305.486772828565,0.1267005076142027,1.1175634517766184,2.813693705583887,31.569999999999734,0.8345340831373287,1.5852106477732253,15:3,192,kv-t-c0.7,False
2305.428433333146,0.12345177664974472,1.0760556345177292,2.5112690355330187,31.569999999999734,0.8397612298878877,1.5851705346004177,15:3,192,kv-t-c0.8,False
2305.286954631296,0.12345177664974472,1.0850761421319817,2.620897309644647,31.569999999999734,0.840190702086637,1.585073256425913,15:3,192,kv-t-c0.9,False
2305.2306059406005,0.12345177664974472,1.0883248730964397,2.696446700507636,31.569999999999734,0.8404458295670842,1.5850345120941165,15:3,192,kv-t-c1.0,False
2304.892736846765,0.1267005076142027,1.1727918781725748,3.1937313705582824,31.569999999999734,0.8276139213801165,1.5848021994686814,15:3,192,kv-s1.5-c0.8,False
2305.351326484513,0.12345177664974472,1.0720812182740929,2.582741116751265,31.569999999999734,0.8437930655985695,1.5851175173378984,15:3,192,kv-s3.0-c0.8,False
1736.5748755847223,13.79654365482213,38.301070659898414,59.83281248730975,44.36999999999963,0.17792722842330075,1.1940372054509574,15:3,288,rr,False
1824.338943607373,5.984313807106787,15.228370558375389,18.434424010152213,44.36999999999963,0.21459803843935918,1.2543821776108754,15:3,288,ll,False
1854.7726530879092,0.1267005076142027,1.1273096446700492,2.7614213197969093,44.36999999999963,0.809845364906462,1.2753078410709149,15:3,288,kv-nvda,False
1854.7726530879092,0.1267005076142027,1.1273096446700492,2.7614213197969093,44.36999999999963,0.809845364906462,1.2753078410709149,15:3,288,kv-t-c0.5,False
1854.1029753952268,0.1267005076142027,1.1356230964469205,3.446903553299478,44.36999999999963,0.8256723966899149,1.274847382905842,15:3,288,kv-t-c0.6,False
1854.8644661277774,0.1267005076142027,1.156548223350228,3.174010152284268,44.36999999999963,0.828737121253785,1.2753709700422535,15:3,288,kv-t-c0.7,False
1854.218162690649,0.1267005076142027,1.1857868020304636,3.174010152284268,44.36999999999963,0.8327050609944084,1.2749265835889012,15:3,288,kv-t-c0.8,False
1854.691490490691,0.1267005076142027,1.156548223350228,3.6028426395938595,44.36999999999963,0.8376944234563932,1.2752520351496546,15:3,288,kv-t-c0.9,False
1853.6439348540084,0.1267005076142027,1.1273096446700492,2.87512690355328,44.36999999999963,0.8375426705275046,1.2745317550036241,15:3,288,kv-t-c1.0,False
1854.1029753952268,0.1267005076142027,1.1356230964469205,3.446903553299478,44.36999999999963,0.8256723966899149,1.274847382905842,15:3,288,kv-s1.5-c0.8,False
1854.343242565779,0.12345177664974472,1.0883248730964397,3.245482233502514,44.36999999999963,0.842102332590847,1.2750125862293045,15:3,288,kv-s3.0-c0.8,False
1444.0725576284065,21.81659446700496,49.44395786802056,71.5318606091372,57.16999999999852,0.17792722842330075,0.9929179475192266,15:3,384,rr,False
1496.374639797838,13.476950761421222,25.336001421319736,28.344747868020193,57.16999999999852,0.20789055898248407,1.0288799051122308,15:3,384,ll,False
1533.0368480825907,0.1267005076142027,1.1143147208121604,3.0299422335025383,57.16999999999852,0.8025039461466509,1.0540881707283318,15:3,384,kv-nvda,False
1533.0368480825907,0.1267005076142027,1.1143147208121604,3.0299422335025383,57.16999999999852,0.8025039461466509,1.0540881707283318,15:3,384,kv-t-c0.5,False
1533.2462375185019,0.1267005076142027,1.0883248730964397,3.23573604060914,57.16999999999852,0.8197720602548125,1.0542321430847337,15:3,384,kv-t-c0.6,False
1533.1844247458423,0.1267005076142027,1.1175634517766753,3.1771876649746673,57.16999999999852,0.8272332839584832,1.054189641749856,15:3,384,kv-t-c0.7,False
1533.1411705963303,0.1267005076142027,1.1273096446700492,2.8166497461928657,57.16999999999852,0.832087095683987,1.0541599009857037,15:3,384,kv-t-c0.8,False
1532.9939091097508,0.1267005076142027,1.1711246700509719,3.151269035533005,57.16999999999852,0.8341520765163369,1.0540586466739097,15:3,384,kv-t-c0.9,False
1532.9832089560036,0.1267005076142027,1.1175634517766753,2.7614213197969093,57.16999999999852,0.8377270560411015,1.054051289443388,15:3,384,kv-t-c1.0,False
1533.2462375185019,0.1267005076142027,1.0883248730964397,3.23573604060914,57.16999999999852,0.8197720602548125,1.0542321430847337,15:3,384,kv-s1.5-c0.8,False
1532.957175092716,0.1267005076142027,1.0883248730964397,2.7771994923858756,57.16999999999852,0.8416297306123083,1.054033389033907,15:3,384,kv-s3.0-c0.8,False
1167.561134915387,34.81286340101474,70.87354725888338,85.78490934010154,74.23959999999893,0.17792722842330075,0.8027937374471718,15:3,512,rr,False
1200.251742998372,28.316113604060774,38.870947005076346,41.70557741116767,74.23499999999898,0.20288157132969567,0.825271203215388,15:3,512,ll,False
1244.6327566036252,0.1267005076142027,1.1727918781725748,3.6028426395939164,74.22219999999912,0.7998707475805676,0.8557867785616308,15:3,512,kv-nvda,False
1244.6327566036252,0.1267005076142027,1.1727918781725748,3.6028426395939164,74.22219999999912,0.7998707475805676,0.8557867785616308,15:3,512,kv-t-c0.5,False
1238.410207528956,0.1267005076142027,1.156548223350228,3.466395939086283,74.23379999999894,0.8155891562149215,0.8515082673310695,15:3,512,kv-t-c0.6,False
1238.2195006348754,0.1267005076142027,1.1403045685279096,2.9673451776650097,74.24019999999895,0.8234862417143471,0.8513771407496191,15:3,512,kv-t-c0.7,False
1237.9817236090994,0.1267005076142027,1.1110659898477024,3.1413635532994704,74.2327999999989,0.8324989964909703,0.851213649604279,15:3,512,kv-t-c0.8,False
1243.9469837707927,0.1267005076142027,1.0883248730964397,3.0519396446701705,74.2413999999989,0.8348357633959613,0.855315253671802,15:3,512,kv-t-c0.9,False
1237.9555809642159,0.12345177664974472,1.0655837563451769,2.599684365482318,74.23319999999899,0.837735499437145,0.8511956743985575,15:3,512,kv-t-c1.0,False
1238.410207528956,0.1267005076142027,1.156548223350228,3.466395939086283,74.23379999999894,0.8155891562149215,0.8515082673310695,15:3,512,kv-s1.5-c0.8,False
1243.9159539792468,0.12345177664974472,1.0655837563451769,2.553502538071058,74.23599999999894,0.8412230784028655,0.8552939181531874,15:3,512,kv-s3.0-c0.8,False
843.8623882901718,64.66996456852803,107.75814624365506,118.39932071066005,108.3699999999971,0.17792722842330075,0.5802243842551835,15:3,768,rr,False
861.2175572945455,55.443959238579055,81.8629305076143,84.58892949238594,108.3699999999971,0.19518552993606067,0.592157481865578,15:3,768,ll,False
893.3952996532382,0.12994923857868912,1.331979695431471,3.8400000000000034,108.3699999999971,0.7876063725276539,0.6142823105175862,15:3,768,kv-nvda,False
893.3952996532382,0.12994923857868912,1.331979695431471,3.8400000000000034,108.3699999999971,0.7876063725276539,0.6142823105175862,15:3,768,kv-t-c0.5,False
893.1947001882392,0.1299492385786607,1.247512690355336,3.741228730964451,108.3699999999971,0.8077126087058716,0.6141443819848348,15:3,768,kv-t-c0.6,False
893.037278780658,0.1299492385786607,1.1987817258883524,3.2454822335025426,108.3699999999971,0.8173189114043581,0.6140361418966997,15:3,768,kv-t-c0.7,False
893.001235299376,0.1267005076142027,1.1175634517766753,2.5891932994924787,108.3699999999971,0.8289701133446049,0.6140113590564839,15:3,768,kv-t-c0.8,False
893.1826998186219,0.1267005076142027,1.156548223350228,3.2454822335025426,108.3699999999971,0.8321215538678398,0.6141361307495995,15:3,768,kv-t-c0.9,False
893.1212554263566,0.1267005076142027,1.156548223350228,3.4466051269035916,108.3699999999971,0.8345598697252451,0.6140938827063607,15:3,768,kv-t-c1.0,False
893.1947001882392,0.1299492385786607,1.247512690355336,3.741228730964451,108.3699999999971,0.8077126087058716,0.6141443819848348,15:3,768,kv-s1.5-c0.8,False
893.0947327574526,0.12345177664974472,1.1175634517766753,3.0955562944162978,108.3699999999971,0.8425438993839287,0.6140756462030549,15:3,768,kv-s3.0-c0.8,False
